-- MySQL dump 10.13  Distrib 5.7.26, for Linux (x86_64)
--
-- Host: localhost    Database: SystemAvailability
-- ------------------------------------------------------
-- Server version	5.7.26-0ubuntu0.16.04.1

/*!40101 SET @OLD_CHARACTER_SET_CLIENT=@@CHARACTER_SET_CLIENT */;
/*!40101 SET @OLD_CHARACTER_SET_RESULTS=@@CHARACTER_SET_RESULTS */;
/*!40101 SET @OLD_COLLATION_CONNECTION=@@COLLATION_CONNECTION */;
/*!40101 SET NAMES utf8 */;
/*!40103 SET @OLD_TIME_ZONE=@@TIME_ZONE */;
/*!40103 SET TIME_ZONE='+00:00' */;
/*!40014 SET @OLD_UNIQUE_CHECKS=@@UNIQUE_CHECKS, UNIQUE_CHECKS=0 */;
/*!40014 SET @OLD_FOREIGN_KEY_CHECKS=@@FOREIGN_KEY_CHECKS, FOREIGN_KEY_CHECKS=0 */;
/*!40101 SET @OLD_SQL_MODE=@@SQL_MODE, SQL_MODE='NO_AUTO_VALUE_ON_ZERO' */;
/*!40111 SET @OLD_SQL_NOTES=@@SQL_NOTES, SQL_NOTES=0 */;

--
-- Table structure for table `ClientAccounts`
--

DROP TABLE IF EXISTS `ClientAccounts`;
/*!40101 SET @saved_cs_client     = @@character_set_client */;
/*!40101 SET character_set_client = utf8 */;
CREATE TABLE `ClientAccounts` (
  `AccountId` int(11) NOT NULL,
  `ClientAcctNo` int(11) NOT NULL,
  `ReportName` text,
  PRIMARY KEY (`AccountId`)
) ENGINE=InnoDB DEFAULT CHARSET=latin1;
/*!40101 SET character_set_client = @saved_cs_client */;

--
-- Dumping data for table `ClientAccounts`
--

LOCK TABLES `ClientAccounts` WRITE;
/*!40000 ALTER TABLE `ClientAccounts` DISABLE KEYS */;
INSERT INTO `ClientAccounts` VALUES (1,59,'repname-dkQn0rFw1Be1fGtEsdEl'),(2,59,'repname-D23wP5cCYhxxDGlFviPq'),(3,17,'repname-JBClHi38eoE4jC81hL4t'),(4,11,'repname-KFdZb9e7DMDixs6DaAWd'),(5,97,'repname-ocpb6N75Ga1yHVm9CQRd'),(6,33,'repname-8yKrkbbsi34N7eXLjNkC'),(7,55,'repname-hfdg9zSCCWarvSI8zpTm'),(8,98,'repname-voylPyUk3DLpXUU9hAPq'),(9,95,'repname-hEU8QxMxPFIXZpFuOEBW'),(10,56,'repname-EPZVcdEoy1OJL7PToLfS'),(11,26,'repname-Dj4o4c2Liy68MswAeWz4'),(12,36,'repname-zzOM38vjX8zHRlrQ6cbT'),(13,73,'repname-ZzHIaR0go5ei0sxM71RN'),(14,89,'repname-8e78mrczTxYBavvCryFQ'),(15,8,'repname-I7vOnHOjcaIzYp1lDpDL'),(16,70,'repname-6t9FiPrRdWlGxSitmvTY'),(17,72,'repname-XnidP6D78Ucwwkfpww22'),(18,82,'repname-MCGtLFzbdQfUC3HQ04L4'),(19,24,'repname-V6uH79rviMfKitPRLKuo'),(20,41,'repname-ygXEbhRi4yIv8mzw53dI'),(21,82,'repname-80NE1QUknJmQSMXpUBEf'),(22,30,'repname-OgPPhIiczIcVm4DybO2x'),(23,39,'repname-4v3RwNHri295tAq6JBmj'),(24,98,'repname-ODjQfuZ30Hk7uWRwoiTA'),(25,77,'repname-Bi6zn2Ivd52xAjRBGqyH'),(26,50,'repname-VYMxXQ2AVcrwwTJrL3kG'),(27,94,'repname-MsRYHNTFYgxVCgpjKtH1'),(28,46,'repname-bYsgECIdRxHf2agKgA7e'),(29,24,'repname-Vu6vEjZAL3F30vdEsxBH'),(30,31,'repname-Wm9ZIZ4nTEj3AIZnFVmF'),(31,86,'repname-hVFYa152eI9y6oycUkFz'),(32,15,'repname-uwZHkS5KoRyHxUm1N7U3'),(33,92,'repname-MwEKDJGmiAEwquQi3te7'),(34,4,'repname-bwwvFdt955Fx4MaIbngG'),(35,93,'repname-N5tggUeslQKInoeubTQb'),(36,72,'repname-jQECVamh5YrOyCFLeK0p'),(37,17,'repname-50RS2qTe94BbA8JYEbGx'),(38,47,'repname-prkIQHANH2ZTDVIH7e5h'),(39,67,'repname-InZ2zE1QUzZ7Le3S7Xha'),(40,26,'repname-8hztqHEmdYuPCSkydtbK'),(41,85,'repname-WwwDsc6dXFc3oOkBmTrB'),(42,11,'repname-u7pnpRR08H9ID52ugWc1'),(43,81,'repname-nZsxHmJUhbJmWQDdecx4'),(44,15,'repname-HspbLGSeadNL1xuxfLc4'),(45,59,'repname-rB8t3XoVsqV2ea31tl4b'),(46,36,'repname-xqobcxPJoXy3xuVGPf7K'),(47,63,'repname-gll746t9vc0ywRvpRPBi'),(48,78,'repname-c0qAvzQu3rq1pedCVIr2'),(49,9,'repname-DkPZjBtX3gdC7KSCRflN'),(50,45,'repname-jo1ABWrp7epBRwV23SMT'),(51,46,'repname-VxVJVQO1Cv3TQNrlIufN'),(52,42,'repname-7nLhKqvOR6KnRq8ZTDle'),(53,48,'repname-J28OYqMI8fJED6Ee9ixm'),(54,55,'repname-kSdGfZGYrkgICCnrReaN'),(55,44,'repname-hf8uITeWB4gMXkuRaOdd'),(56,66,'repname-kzjDPAs90isj9qPBjsPv'),(57,15,'repname-FCAUAiHdPngLlxfGlJWF'),(58,81,'repname-zAVOEXIcfPIGNIcwF1SV'),(59,49,'repname-TaSagnQ3lOj0KkVhsiAd'),(60,42,'repname-EpOJooWZC7MwbTnyAATZ'),(61,39,'repname-WqBJoIMS6IPnNbDN3n5O'),(62,5,'repname-NPbjAfy3VmkkZcWcqGkg'),(63,75,'repname-cu7yzuc4IkyJCR3bTsdg'),(64,27,'repname-E1AmhBpwp8G2fqu8CvgP'),(65,27,'repname-fA7VobsWQsaWbMR2oY5q'),(66,20,'repname-cQ5DPacijSrOrd5YUzea'),(67,9,'repname-1wnid1ACszyPMn5V7L48'),(68,40,'repname-WpgXg07bVEtvD2eeFNAp'),(69,38,'repname-LyFJBmN5WdxtgjMtPEQA'),(70,74,'repname-QxkDGrz9bpGyDrFI4JAD'),(71,93,'repname-iGtK8aUf5TOMoTnK9oGd'),(72,16,'repname-aQvVtnfmjWhA2tr137hX'),(73,43,'repname-bfl7UXF2Q9V5i4cvqCid'),(74,4,'repname-2jq4cHhSDFT0Bz7mNsDU'),(75,53,'repname-J2MD3XmFJdEnqqEhYyWh'),(76,85,'repname-dtkUfxq6zuAwwrfchBuV'),(77,7,'repname-7DDB8U4qxYkc7DyQ2Kys'),(78,32,'repname-oJdal37TfDivLA7kJrPg'),(79,99,'repname-AMVkTMvL6OHC9uTg9EcY'),(80,66,'repname-W6pb9pYKCI7rNfwhI4gP'),(81,24,'repname-OiKhII0RTxpXQq9ie6jY'),(82,37,'repname-hV18jx65GOw5TBe82yj7'),(83,87,'repname-fb6f3VjJjmaSzgwUlM0e'),(84,83,'repname-2G1AFY6y9vG3EQAIgIh5'),(85,86,'repname-7hBO8FX1TEADdKN8UZcm'),(86,41,'repname-IZlQwfDSrz4iXaWZhuwZ'),(87,40,'repname-NmZWTAnTnoUEjcDzgqIR'),(88,13,'repname-qo9pa8dnWv5xrfQnOXom'),(89,61,'repname-FjTLBoe0MmynA4crsSsR'),(90,100,'repname-fv5GnyyG2nbRTFup0sEd'),(91,71,'repname-IB2BTzbTPTXdTH9uymfJ'),(92,7,'repname-lEeINqrnSBhwvyxOVrBN'),(93,71,'repname-KCbgozhxq57WBbZVpkxo'),(94,43,'repname-vOibYfHZRXjHKRgw6VYV'),(95,31,'repname-3Cl4D5SAStxiLhklbKOP'),(96,81,'repname-JD8JStLZkSS2Upc4IwOr'),(97,83,'repname-MZyVnYh7NmHExbtBCGkj'),(98,39,'repname-YVQ8NRNkiCrfdojFaMmu'),(99,8,'repname-NMCsI5TjIKTzf2AtF0fq'),(100,1,'repname-0LDwLiANyQkGLqyOh1kD'),(101,31,'repname-cG8PntHpzxt7gcpnH7lU'),(102,33,'repname-jA0Y2LSlLGv9uMV4bLeQ');
/*!40000 ALTER TABLE `ClientAccounts` ENABLE KEYS */;
UNLOCK TABLES;

--
-- Table structure for table `GLSTradeProcessAudit`
--

DROP TABLE IF EXISTS `GLSTradeProcessAudit`;
/*!40101 SET @saved_cs_client     = @@character_set_client */;
/*!40101 SET character_set_client = utf8 */;
CREATE TABLE `GLSTradeProcessAudit` (
  `Queued` datetime DEFAULT NULL,
  `Started` datetime DEFAULT NULL,
  `Processed` datetime DEFAULT NULL,
  `BatchGUID` int(11) NOT NULL AUTO_INCREMENT,
  PRIMARY KEY (`BatchGUID`)
) ENGINE=InnoDB AUTO_INCREMENT=989 DEFAULT CHARSET=latin1;
/*!40101 SET character_set_client = @saved_cs_client */;

--
-- Dumping data for table `GLSTradeProcessAudit`
--

LOCK TABLES `GLSTradeProcessAudit` WRITE;
/*!40000 ALTER TABLE `GLSTradeProcessAudit` DISABLE KEYS */;
INSERT INTO `GLSTradeProcessAudit` VALUES ('2019-05-01 14:02:10','2019-05-01 14:08:10','2019-05-01 15:04:10',377),('2019-05-02 14:04:10','2019-05-02 14:15:10','2019-05-02 15:07:10',378),('2019-05-03 14:06:10','2019-05-03 14:22:10','2019-05-03 15:10:10',379),('2019-05-04 14:08:10','2019-05-04 14:10:10','2019-05-04 15:13:10',380),('2019-05-05 14:10:10','2019-05-05 14:17:10','2019-05-05 15:16:10',381),('2019-05-06 14:12:10','2019-05-06 14:24:10','2019-05-06 15:19:10',382),('2019-05-07 14:14:10','2019-05-07 14:31:10','2019-05-07 15:22:10',383),('2019-05-08 14:16:10','2019-05-08 14:19:10','2019-05-08 15:25:10',384),('2019-05-09 14:18:10','2019-05-09 14:33:10','2019-05-09 15:18:10',385),('2019-05-01 14:02:10','2019-05-01 14:17:10','2019-05-01 15:02:10',386),('2019-05-01 14:02:10','2019-05-01 14:03:10','2019-05-01 15:03:10',387),('2019-05-02 14:04:10','2019-05-02 14:10:10','2019-05-02 15:06:10',388),('2019-05-03 14:06:10','2019-05-03 14:17:10','2019-05-03 15:09:10',389),('2019-05-04 14:08:10','2019-05-04 14:24:10','2019-05-04 15:12:10',390),('2019-05-05 14:10:10','2019-05-05 14:12:10','2019-05-05 15:15:10',391),('2019-05-06 14:12:10','2019-05-06 14:19:10','2019-05-06 15:18:10',392),('2019-05-07 14:14:10','2019-05-07 14:26:10','2019-05-07 15:21:10',393),('2019-05-08 14:16:10','2019-05-08 14:33:10','2019-05-08 15:24:10',394),('2019-05-09 14:18:10','2019-05-09 14:21:10','2019-05-09 15:27:10',395),('2019-05-01 14:02:10','2019-05-01 14:17:10','2019-05-01 15:02:10',396),('2019-05-01 14:02:10','2019-05-01 14:17:10','2019-05-01 15:02:10',397),('2019-05-02 14:04:10','2019-05-02 14:05:10','2019-05-02 15:05:10',398),('2019-05-03 14:06:10','2019-05-03 14:12:10','2019-05-03 15:08:10',399),('2019-05-04 14:08:10','2019-05-04 14:19:10','2019-05-04 15:11:10',400),('2019-05-05 14:10:10','2019-05-05 14:26:10','2019-05-05 15:14:10',401),('2019-05-06 14:12:10','2019-05-06 14:14:10','2019-05-06 15:17:10',402),('2019-05-07 14:14:10','2019-05-07 14:21:10','2019-05-07 15:20:10',403),('2019-05-08 14:16:10','2019-05-08 14:28:10','2019-05-08 15:23:10',404),('2019-05-09 14:18:10','2019-05-09 14:35:10','2019-05-09 15:26:10',405),('2019-05-01 14:02:10','2019-05-01 14:05:10','2019-05-01 15:11:10',406),('2019-05-01 14:02:10','2019-05-01 14:17:10','2019-05-01 15:02:10',407),('2019-05-02 14:04:10','2019-05-02 14:19:10','2019-05-02 15:04:10',408),('2019-05-03 14:06:10','2019-05-03 14:07:10','2019-05-03 15:07:10',409),('2019-05-04 14:08:10','2019-05-04 14:14:10','2019-05-04 15:10:10',410),('2019-05-05 14:10:10','2019-05-05 14:21:10','2019-05-05 15:13:10',411),('2019-05-06 14:12:10','2019-05-06 14:28:10','2019-05-06 15:16:10',412),('2019-05-07 14:14:10','2019-05-07 14:16:10','2019-05-07 15:19:10',413),('2019-05-08 14:16:10','2019-05-08 14:23:10','2019-05-08 15:22:10',414),('2019-05-09 14:18:10','2019-05-09 14:30:10','2019-05-09 15:25:10',415),('2019-05-01 14:02:10','2019-05-01 14:19:10','2019-05-01 15:10:10',416),('2019-05-01 14:02:10','2019-05-01 14:05:10','2019-05-01 15:11:10',417),('2019-05-02 14:04:10','2019-05-02 14:19:10','2019-05-02 15:04:10',418),('2019-05-03 14:06:10','2019-05-03 14:21:10','2019-05-03 15:06:10',419),('2019-05-04 14:08:10','2019-05-04 14:09:10','2019-05-04 15:09:10',420),('2019-05-05 14:10:10','2019-05-05 14:16:10','2019-05-05 15:12:10',421),('2019-05-06 14:12:10','2019-05-06 14:23:10','2019-05-06 15:15:10',422),('2019-05-07 14:14:10','2019-05-07 14:30:10','2019-05-07 15:18:10',423),('2019-05-08 14:16:10','2019-05-08 14:18:10','2019-05-08 15:21:10',424),('2019-05-09 14:18:10','2019-05-09 14:25:10','2019-05-09 15:24:10',425),('2019-05-01 14:02:10','2019-05-01 14:14:10','2019-05-01 15:09:10',426),('2019-05-01 14:02:10','2019-05-01 14:19:10','2019-05-01 15:10:10',427),('2019-05-02 14:04:10','2019-05-02 14:07:10','2019-05-02 15:13:10',428),('2019-05-03 14:06:10','2019-05-03 14:21:10','2019-05-03 15:06:10',429),('2019-05-04 14:08:10','2019-05-04 14:23:10','2019-05-04 15:08:10',430),('2019-05-05 14:10:10','2019-05-05 14:11:10','2019-05-05 15:11:10',431),('2019-05-06 14:12:10','2019-05-06 14:18:10','2019-05-06 15:14:10',432),('2019-05-07 14:14:10','2019-05-07 14:25:10','2019-05-07 15:17:10',433),('2019-05-08 14:16:10','2019-05-08 14:32:10','2019-05-08 15:20:10',434),('2019-05-09 14:18:10','2019-05-09 14:20:10','2019-05-09 15:23:10',435),('2019-05-01 14:02:10','2019-05-01 14:09:10','2019-05-01 15:08:10',436),('2019-05-01 14:02:10','2019-05-01 14:14:10','2019-05-01 15:09:10',437),('2019-05-02 14:04:10','2019-05-02 14:21:10','2019-05-02 15:12:10',438),('2019-05-03 14:06:10','2019-05-03 14:09:10','2019-05-03 15:15:10',439),('2019-05-04 14:08:10','2019-05-04 14:23:10','2019-05-04 15:08:10',440),('2019-05-05 14:10:10','2019-05-05 14:25:10','2019-05-05 15:10:10',441),('2019-05-06 14:12:10','2019-05-06 14:13:10','2019-05-06 15:13:10',442),('2019-05-07 14:14:10','2019-05-07 14:20:10','2019-05-07 15:16:10',443),('2019-05-08 14:16:10','2019-05-08 14:27:10','2019-05-08 15:19:10',444),('2019-05-09 14:18:10','2019-05-09 14:34:10','2019-05-09 15:22:10',445),('2019-05-01 14:02:10','2019-05-01 14:04:10','2019-05-01 15:07:10',446),('2019-05-01 14:02:10','2019-05-01 14:09:10','2019-05-01 15:08:10',447),('2019-05-02 14:04:10','2019-05-02 14:16:10','2019-05-02 15:11:10',448),('2019-05-03 14:06:10','2019-05-03 14:23:10','2019-05-03 15:14:10',449),('2019-05-04 14:08:10','2019-05-04 14:11:10','2019-05-04 15:17:10',450),('2019-05-05 14:10:10','2019-05-05 14:25:10','2019-05-05 15:10:10',451),('2019-05-06 14:12:10','2019-05-06 14:27:10','2019-05-06 15:12:10',452),('2019-05-07 14:14:10','2019-05-07 14:15:10','2019-05-07 15:15:10',453),('2019-05-08 14:16:10','2019-05-08 14:22:10','2019-05-08 15:18:10',454),('2019-05-09 14:18:10','2019-05-09 14:29:10','2019-05-09 15:21:10',455),('2019-05-01 14:02:10','2019-05-01 14:18:10','2019-05-01 15:06:10',456),('2019-05-01 14:02:10','2019-05-01 14:04:10','2019-05-01 15:07:10',457),('2019-05-02 14:04:10','2019-05-02 14:11:10','2019-05-02 15:10:10',458),('2019-05-03 14:06:10','2019-05-03 14:18:10','2019-05-03 15:13:10',459),('2019-05-04 14:08:10','2019-05-04 14:25:10','2019-05-04 15:16:10',460),('2019-05-05 14:10:10','2019-05-05 14:13:10','2019-05-05 15:19:10',461),('2019-05-06 14:12:10','2019-05-06 14:27:10','2019-05-06 15:12:10',462),('2019-05-07 14:14:10','2019-05-07 14:29:10','2019-05-07 15:14:10',463),('2019-05-08 14:16:10','2019-05-08 14:17:10','2019-05-08 15:17:10',464),('2019-05-09 14:18:10','2019-05-09 14:24:10','2019-05-09 15:20:10',465),('2019-05-01 14:02:10','2019-05-01 14:13:10','2019-05-01 15:05:10',466),('2019-05-01 14:02:10','2019-05-01 14:18:10','2019-05-01 15:06:10',467),('2019-05-02 14:04:10','2019-05-02 14:06:10','2019-05-02 15:09:10',468),('2019-05-03 14:06:10','2019-05-03 14:13:10','2019-05-03 15:12:10',469),('2019-05-04 14:08:10','2019-05-04 14:20:10','2019-05-04 15:15:10',470),('2019-05-05 14:10:10','2019-05-05 14:27:10','2019-05-05 15:18:10',471),('2019-05-06 14:12:10','2019-05-06 14:15:10','2019-05-06 15:21:10',472),('2019-05-07 14:14:10','2019-05-07 14:29:10','2019-05-07 15:14:10',473),('2019-05-08 14:16:10','2019-05-08 14:31:10','2019-05-08 15:16:10',474),('2019-05-09 14:18:10','2019-05-09 14:19:10','2019-05-09 15:19:10',475),('2019-05-01 14:02:10','2019-05-01 14:08:10','2019-05-01 15:04:10',476),('2019-05-01 14:02:10','2019-05-01 14:13:10','2019-05-01 15:05:10',477),('2019-05-02 14:04:10','2019-05-02 14:20:10','2019-05-02 15:08:10',478),('2019-05-01 14:02:10','2019-05-01 14:04:10','2019-05-01 15:07:10',479),('2019-05-02 14:04:10','2019-05-02 14:11:10','2019-05-02 15:10:10',480),('2019-05-03 14:06:10','2019-05-03 14:18:10','2019-05-03 15:13:10',481),('2019-05-04 14:08:10','2019-05-04 14:25:10','2019-05-04 15:16:10',482),('2019-05-05 14:10:10','2019-05-05 14:13:10','2019-05-05 15:19:10',483),('2019-05-06 14:12:10','2019-05-06 14:27:10','2019-05-06 15:12:10',484),('2019-05-07 14:14:10','2019-05-07 14:29:10','2019-05-07 15:14:10',485),('2019-05-08 14:16:10','2019-05-08 14:17:10','2019-05-08 15:17:10',486),('2019-05-09 14:18:10','2019-05-09 14:24:10','2019-05-09 15:20:10',487),('2019-05-01 14:02:10','2019-05-01 14:13:10','2019-05-01 15:05:10',488),('2019-05-01 14:02:10','2019-05-01 14:18:10','2019-05-01 15:06:10',489),('2019-05-02 14:04:10','2019-05-02 14:06:10','2019-05-02 15:09:10',490),('2019-05-03 14:06:10','2019-05-03 14:13:10','2019-05-03 15:12:10',491),('2019-05-04 14:08:10','2019-05-04 14:20:10','2019-05-04 15:15:10',492),('2019-05-05 14:10:10','2019-05-05 14:27:10','2019-05-05 15:18:10',493),('2019-05-06 14:12:10','2019-05-06 14:15:10','2019-05-06 15:21:10',494),('2019-05-07 14:14:10','2019-05-07 14:29:10','2019-05-07 15:14:10',495),('2019-05-08 14:16:10','2019-05-08 14:31:10','2019-05-08 15:16:10',496),('2019-05-09 14:18:10','2019-05-09 14:19:10','2019-05-09 15:19:10',497),('2019-05-01 14:02:10','2019-05-01 14:08:10','2019-05-01 15:04:10',498),('2019-05-01 14:02:10','2019-05-01 14:13:10','2019-05-01 15:05:10',499),('2019-05-02 14:04:10','2019-05-02 14:20:10','2019-05-02 15:08:10',500),('2019-05-03 14:06:10','2019-05-03 14:08:10','2019-05-03 15:11:10',501),('2019-05-04 14:08:10','2019-05-04 14:15:10','2019-05-04 15:14:10',502),('2019-05-05 14:10:10','2019-05-05 14:22:10','2019-05-05 15:17:10',503),('2019-05-06 14:12:10','2019-05-06 14:29:10','2019-05-06 15:20:10',504),('2019-05-07 14:14:10','2019-05-07 14:17:10','2019-05-07 15:23:10',505),('2019-05-08 14:16:10','2019-05-08 14:31:10','2019-05-08 15:16:10',506),('2019-05-09 14:18:10','2019-05-09 14:33:10','2019-05-09 15:18:10',507),('2019-05-01 14:02:10','2019-05-01 14:03:10','2019-05-01 15:03:10',508),('2019-05-01 14:02:10','2019-05-01 14:08:10','2019-05-01 15:04:10',509),('2019-05-02 14:04:10','2019-05-02 14:15:10','2019-05-02 15:07:10',510),('2019-05-03 14:06:10','2019-05-03 14:22:10','2019-05-03 15:10:10',511),('2019-05-04 14:08:10','2019-05-04 14:10:10','2019-05-04 15:13:10',512),('2019-05-05 14:10:10','2019-05-05 14:17:10','2019-05-05 15:16:10',513),('2019-05-06 14:12:10','2019-05-06 14:24:10','2019-05-06 15:19:10',514),('2019-05-07 14:14:10','2019-05-07 14:31:10','2019-05-07 15:22:10',515),('2019-05-08 14:16:10','2019-05-08 14:19:10','2019-05-08 15:25:10',516),('2019-05-09 14:18:10','2019-05-09 14:33:10','2019-05-09 15:18:10',517),('2019-05-01 14:02:10','2019-05-01 14:17:10','2019-05-01 15:02:10',518),('2019-05-01 14:02:10','2019-05-01 14:03:10','2019-05-01 15:03:10',519),('2019-05-02 14:04:10','2019-05-02 14:10:10','2019-05-02 15:06:10',520),('2019-05-03 14:06:10','2019-05-03 14:17:10','2019-05-03 15:09:10',521),('2019-05-04 14:08:10','2019-05-04 14:24:10','2019-05-04 15:12:10',522),('2019-05-05 14:10:10','2019-05-05 14:12:10','2019-05-05 15:15:10',523),('2019-05-06 14:12:10','2019-05-06 14:19:10','2019-05-06 15:18:10',524),('2019-05-07 14:14:10','2019-05-07 14:26:10','2019-05-07 15:21:10',525),('2019-05-08 14:16:10','2019-05-08 14:33:10','2019-05-08 15:24:10',526),('2019-05-09 14:18:10','2019-05-09 14:21:10','2019-05-09 15:27:10',527),('2019-05-01 14:02:10','2019-05-01 14:17:10','2019-05-01 15:02:10',528),('2019-05-01 14:02:10','2019-05-01 14:17:10','2019-05-01 15:02:10',529),('2019-05-02 14:04:10','2019-05-02 14:05:10','2019-05-02 15:05:10',530),('2019-05-03 14:06:10','2019-05-03 14:12:10','2019-05-03 15:08:10',531),('2019-05-04 14:08:10','2019-05-04 14:19:10','2019-05-04 15:11:10',532),('2019-05-05 14:10:10','2019-05-05 14:26:10','2019-05-05 15:14:10',533),('2019-05-06 14:12:10','2019-05-06 14:14:10','2019-05-06 15:17:10',534),('2019-05-07 14:14:10','2019-05-07 14:21:10','2019-05-07 15:20:10',535),('2019-05-08 14:16:10','2019-05-08 14:28:10','2019-05-08 15:23:10',536),('2019-05-09 14:18:10','2019-05-09 14:35:10','2019-05-09 15:26:10',537),('2019-05-01 14:02:10','2019-05-01 14:05:10','2019-05-01 15:11:10',538),('2019-05-01 14:02:10','2019-05-01 14:17:10','2019-05-01 15:02:10',539),('2019-05-02 14:04:10','2019-05-02 14:19:10','2019-05-02 15:04:10',540),('2019-05-03 14:06:10','2019-05-03 14:07:10','2019-05-03 15:07:10',541),('2019-05-04 14:08:10','2019-05-04 14:14:10','2019-05-04 15:10:10',542),('2019-05-05 14:10:10','2019-05-05 14:21:10','2019-05-05 15:13:10',543),('2019-05-06 14:12:10','2019-05-06 14:28:10','2019-05-06 15:16:10',544),('2019-05-07 14:14:10','2019-05-07 14:16:10','2019-05-07 15:19:10',545),('2019-05-08 14:16:10','2019-05-08 14:23:10','2019-05-08 15:22:10',546),('2019-05-09 14:18:10','2019-05-09 14:30:10','2019-05-09 15:25:10',547),('2019-05-01 14:02:10','2019-05-01 14:19:10','2019-05-01 15:10:10',548),('2019-05-01 14:02:10','2019-05-01 14:05:10','2019-05-01 15:11:10',549),('2019-05-02 14:04:10','2019-05-02 14:19:10','2019-05-02 15:04:10',550),('2019-05-03 14:06:10','2019-05-03 14:21:10','2019-05-03 15:06:10',551),('2019-05-04 14:08:10','2019-05-04 14:09:10','2019-05-04 15:09:10',552),('2019-05-05 14:10:10','2019-05-05 14:16:10','2019-05-05 15:12:10',553),('2019-05-06 14:12:10','2019-05-06 14:23:10','2019-05-06 15:15:10',554),('2019-05-07 14:14:10','2019-05-07 14:30:10','2019-05-07 15:18:10',555),('2019-05-08 14:16:10','2019-05-08 14:18:10','2019-05-08 15:21:10',556),('2019-05-09 14:18:10','2019-05-09 14:25:10','2019-05-09 15:24:10',557),('2019-05-01 14:02:10','2019-05-01 14:14:10','2019-05-01 15:09:10',558),('2019-05-01 14:02:10','2019-05-01 14:19:10','2019-05-01 15:10:10',559),('2019-05-02 14:04:10','2019-05-02 14:07:10','2019-05-02 15:13:10',560),('2019-05-03 14:06:10','2019-05-03 14:21:10','2019-05-03 15:06:10',561),('2019-05-04 14:08:10','2019-05-04 14:23:10','2019-05-04 15:08:10',562),('2019-05-05 14:10:10','2019-05-05 14:11:10','2019-05-05 15:11:10',563),('2019-05-06 14:12:10','2019-05-06 14:18:10','2019-05-06 15:14:10',564),('2019-05-07 14:14:10','2019-05-07 14:25:10','2019-05-07 15:17:10',565),('2019-05-08 14:16:10','2019-05-08 14:32:10','2019-05-08 15:20:10',566),('2019-05-09 14:18:10','2019-05-09 14:20:10','2019-05-09 15:23:10',567),('2019-05-01 14:02:10','2019-05-01 14:09:10','2019-05-01 15:08:10',568),('2019-05-01 14:02:10','2019-05-01 14:14:10','2019-05-01 15:09:10',569),('2019-05-02 14:04:10','2019-05-02 14:21:10','2019-05-02 15:12:10',570),('2019-05-03 14:06:10','2019-05-03 14:09:10','2019-05-03 15:15:10',571),('2019-05-04 14:08:10','2019-05-04 14:23:10','2019-05-04 15:08:10',572),('2019-05-05 14:10:10','2019-05-05 14:25:10','2019-05-05 15:10:10',573),('2019-05-06 14:12:10','2019-05-06 14:13:10','2019-05-06 15:13:10',574),('2019-05-07 14:14:10','2019-05-07 14:20:10','2019-05-07 15:16:10',575),('2019-05-08 14:16:10','2019-05-08 14:27:10','2019-05-08 15:19:10',576),('2019-05-09 14:18:10','2019-05-09 14:34:10','2019-05-09 15:22:10',577),('2019-05-01 14:02:10','2019-05-01 14:04:10','2019-05-01 15:07:10',578),('2019-05-01 14:02:10','2019-05-01 14:09:10','2019-05-01 15:08:10',579),('2019-05-02 14:04:10','2019-05-02 14:16:10','2019-05-02 15:11:10',580),('2019-05-01 14:02:10','2019-05-01 14:19:10','2019-05-01 15:10:10',581),('2019-05-02 14:04:10','2019-05-02 14:07:10','2019-05-02 15:13:10',582),('2019-05-03 14:06:10','2019-05-03 14:21:10','2019-05-03 15:06:10',583),('2019-05-04 14:08:10','2019-05-04 14:23:10','2019-05-04 15:08:10',584),('2019-05-05 14:10:10','2019-05-05 14:11:10','2019-05-05 15:11:10',585),('2019-05-06 14:12:10','2019-05-06 14:18:10','2019-05-06 15:14:10',586),('2019-05-07 14:14:10','2019-05-07 14:25:10','2019-05-07 15:17:10',587),('2019-05-08 14:16:10','2019-05-08 14:32:10','2019-05-08 15:20:10',588),('2019-05-09 14:18:10','2019-05-09 14:20:10','2019-05-09 15:23:10',589),('2019-05-01 14:02:10','2019-05-01 14:09:10','2019-05-01 15:08:10',590),('2019-05-01 14:02:10','2019-05-01 14:14:10','2019-05-01 15:09:10',591),('2019-05-02 14:04:10','2019-05-02 14:21:10','2019-05-02 15:12:10',592),('2019-05-03 14:06:10','2019-05-03 14:09:10','2019-05-03 15:15:10',593),('2019-05-04 14:08:10','2019-05-04 14:23:10','2019-05-04 15:08:10',594),('2019-05-05 14:10:10','2019-05-05 14:25:10','2019-05-05 15:10:10',595),('2019-05-06 14:12:10','2019-05-06 14:13:10','2019-05-06 15:13:10',596),('2019-05-07 14:14:10','2019-05-07 14:20:10','2019-05-07 15:16:10',597),('2019-05-08 14:16:10','2019-05-08 14:27:10','2019-05-08 15:19:10',598),('2019-05-09 14:18:10','2019-05-09 14:34:10','2019-05-09 15:22:10',599),('2019-05-01 14:02:10','2019-05-01 14:04:10','2019-05-01 15:07:10',600),('2019-05-01 14:02:10','2019-05-01 14:09:10','2019-05-01 15:08:10',601),('2019-05-02 14:04:10','2019-05-02 14:16:10','2019-05-02 15:11:10',602),('2019-05-03 14:06:10','2019-05-03 14:23:10','2019-05-03 15:14:10',603),('2019-05-04 14:08:10','2019-05-04 14:11:10','2019-05-04 15:17:10',604),('2019-05-05 14:10:10','2019-05-05 14:25:10','2019-05-05 15:10:10',605),('2019-05-06 14:12:10','2019-05-06 14:27:10','2019-05-06 15:12:10',606),('2019-05-07 14:14:10','2019-05-07 14:15:10','2019-05-07 15:15:10',607),('2019-05-08 14:16:10','2019-05-08 14:22:10','2019-05-08 15:18:10',608),('2019-05-09 14:18:10','2019-05-09 14:29:10','2019-05-09 15:21:10',609),('2019-05-01 14:02:10','2019-05-01 14:18:10','2019-05-01 15:06:10',610),('2019-05-01 14:02:10','2019-05-01 14:04:10','2019-05-01 15:07:10',611),('2019-05-02 14:04:10','2019-05-02 14:11:10','2019-05-02 15:10:10',612),('2019-05-03 14:06:10','2019-05-03 14:18:10','2019-05-03 15:13:10',613),('2019-05-04 14:08:10','2019-05-04 14:25:10','2019-05-04 15:16:10',614),('2019-05-05 14:10:10','2019-05-05 14:13:10','2019-05-05 15:19:10',615),('2019-05-06 14:12:10','2019-05-06 14:27:10','2019-05-06 15:12:10',616),('2019-05-07 14:14:10','2019-05-07 14:29:10','2019-05-07 15:14:10',617),('2019-05-08 14:16:10','2019-05-08 14:17:10','2019-05-08 15:17:10',618),('2019-05-09 14:18:10','2019-05-09 14:24:10','2019-05-09 15:20:10',619),('2019-05-01 14:02:10','2019-05-01 14:13:10','2019-05-01 15:05:10',620),('2019-05-01 14:02:10','2019-05-01 14:18:10','2019-05-01 15:06:10',621),('2019-05-02 14:04:10','2019-05-02 14:06:10','2019-05-02 15:09:10',622),('2019-05-03 14:06:10','2019-05-03 14:13:10','2019-05-03 15:12:10',623),('2019-05-04 14:08:10','2019-05-04 14:20:10','2019-05-04 15:15:10',624),('2019-05-05 14:10:10','2019-05-05 14:27:10','2019-05-05 15:18:10',625),('2019-05-06 14:12:10','2019-05-06 14:15:10','2019-05-06 15:21:10',626),('2019-05-07 14:14:10','2019-05-07 14:29:10','2019-05-07 15:14:10',627),('2019-05-08 14:16:10','2019-05-08 14:31:10','2019-05-08 15:16:10',628),('2019-05-09 14:18:10','2019-05-09 14:19:10','2019-05-09 15:19:10',629),('2019-05-01 14:02:10','2019-05-01 14:08:10','2019-05-01 15:04:10',630),('2019-05-01 14:02:10','2019-05-01 14:13:10','2019-05-01 15:05:10',631),('2019-05-02 14:04:10','2019-05-02 14:20:10','2019-05-02 15:08:10',632),('2019-05-03 14:06:10','2019-05-03 14:08:10','2019-05-03 15:11:10',633),('2019-05-04 14:08:10','2019-05-04 14:15:10','2019-05-04 15:14:10',634),('2019-05-05 14:10:10','2019-05-05 14:22:10','2019-05-05 15:17:10',635),('2019-05-06 14:12:10','2019-05-06 14:29:10','2019-05-06 15:20:10',636),('2019-05-07 14:14:10','2019-05-07 14:17:10','2019-05-07 15:23:10',637),('2019-05-08 14:16:10','2019-05-08 14:31:10','2019-05-08 15:16:10',638),('2019-05-09 14:18:10','2019-05-09 14:33:10','2019-05-09 15:18:10',639),('2019-05-01 14:02:10','2019-05-01 14:03:10','2019-05-01 15:03:10',640),('2019-05-01 14:02:10','2019-05-01 14:08:10','2019-05-01 15:04:10',641),('2019-05-02 14:04:10','2019-05-02 14:15:10','2019-05-02 15:07:10',642),('2019-05-03 14:06:10','2019-05-03 14:22:10','2019-05-03 15:10:10',643),('2019-05-04 14:08:10','2019-05-04 14:10:10','2019-05-04 15:13:10',644),('2019-05-05 14:10:10','2019-05-05 14:17:10','2019-05-05 15:16:10',645),('2019-05-06 14:12:10','2019-05-06 14:24:10','2019-05-06 15:19:10',646),('2019-05-07 14:14:10','2019-05-07 14:31:10','2019-05-07 15:22:10',647),('2019-05-08 14:16:10','2019-05-08 14:19:10','2019-05-08 15:25:10',648),('2019-05-09 14:18:10','2019-05-09 14:33:10','2019-05-09 15:18:10',649),('2019-05-01 14:02:10','2019-05-01 14:17:10','2019-05-01 15:02:10',650),('2019-05-01 14:02:10','2019-05-01 14:03:10','2019-05-01 15:03:10',651),('2019-05-02 14:04:10','2019-05-02 14:10:10','2019-05-02 15:06:10',652),('2019-05-03 14:06:10','2019-05-03 14:17:10','2019-05-03 15:09:10',653),('2019-05-04 14:08:10','2019-05-04 14:24:10','2019-05-04 15:12:10',654),('2019-05-05 14:10:10','2019-05-05 14:12:10','2019-05-05 15:15:10',655),('2019-05-06 14:12:10','2019-05-06 14:19:10','2019-05-06 15:18:10',656),('2019-05-07 14:14:10','2019-05-07 14:26:10','2019-05-07 15:21:10',657),('2019-05-08 14:16:10','2019-05-08 14:33:10','2019-05-08 15:24:10',658),('2019-05-09 14:18:10','2019-05-09 14:21:10','2019-05-09 15:27:10',659),('2019-05-01 14:02:10','2019-05-01 14:17:10','2019-05-01 15:02:10',660),('2019-05-01 14:02:10','2019-05-01 14:17:10','2019-05-01 15:02:10',661),('2019-05-02 14:04:10','2019-05-02 14:05:10','2019-05-02 15:05:10',662),('2019-05-03 14:06:10','2019-05-03 14:12:10','2019-05-03 15:08:10',663),('2019-05-04 14:08:10','2019-05-04 14:19:10','2019-05-04 15:11:10',664),('2019-05-05 14:10:10','2019-05-05 14:26:10','2019-05-05 15:14:10',665),('2019-05-06 14:12:10','2019-05-06 14:14:10','2019-05-06 15:17:10',666),('2019-05-07 14:14:10','2019-05-07 14:21:10','2019-05-07 15:20:10',667),('2019-05-08 14:16:10','2019-05-08 14:28:10','2019-05-08 15:23:10',668),('2019-05-09 14:18:10','2019-05-09 14:35:10','2019-05-09 15:26:10',669),('2019-05-01 14:02:10','2019-05-01 14:05:10','2019-05-01 15:11:10',670),('2019-05-01 14:02:10','2019-05-01 14:17:10','2019-05-01 15:02:10',671),('2019-05-02 14:04:10','2019-05-02 14:19:10','2019-05-02 15:04:10',672),('2019-05-03 14:06:10','2019-05-03 14:07:10','2019-05-03 15:07:10',673),('2019-05-04 14:08:10','2019-05-04 14:14:10','2019-05-04 15:10:10',674),('2019-05-05 14:10:10','2019-05-05 14:21:10','2019-05-05 15:13:10',675),('2019-05-06 14:12:10','2019-05-06 14:28:10','2019-05-06 15:16:10',676),('2019-05-07 14:14:10','2019-05-07 14:16:10','2019-05-07 15:19:10',677),('2019-05-08 14:16:10','2019-05-08 14:23:10','2019-05-08 15:22:10',678),('2019-05-09 14:18:10','2019-05-09 14:30:10','2019-05-09 15:25:10',679),('2019-05-01 14:02:10','2019-05-01 14:19:10','2019-05-01 15:10:10',680),('2019-05-01 14:02:10','2019-05-01 14:05:10','2019-05-01 15:11:10',681),('2019-05-02 14:04:10','2019-05-02 14:19:10','2019-05-02 15:04:10',682),('2019-05-01 14:02:10','2019-05-01 14:17:10','2019-05-01 15:02:10',683),('2019-05-02 14:04:10','2019-05-02 14:05:10','2019-05-02 15:05:10',684),('2019-05-03 14:06:10','2019-05-03 14:12:10','2019-05-03 15:08:10',685),('2019-05-04 14:08:10','2019-05-04 14:19:10','2019-05-04 15:11:10',686),('2019-05-05 14:10:10','2019-05-05 14:26:10','2019-05-05 15:14:10',687),('2019-05-06 14:12:10','2019-05-06 14:14:10','2019-05-06 15:17:10',688),('2019-05-07 14:14:10','2019-05-07 14:21:10','2019-05-07 15:20:10',689),('2019-05-08 14:16:10','2019-05-08 14:28:10','2019-05-08 15:23:10',690),('2019-05-09 14:18:10','2019-05-09 14:35:10','2019-05-09 15:26:10',691),('2019-05-01 14:02:10','2019-05-01 14:05:10','2019-05-01 15:11:10',692),('2019-05-01 14:02:10','2019-05-01 14:17:10','2019-05-01 15:02:10',693),('2019-05-02 14:04:10','2019-05-02 14:19:10','2019-05-02 15:04:10',694),('2019-05-03 14:06:10','2019-05-03 14:07:10','2019-05-03 15:07:10',695),('2019-05-04 14:08:10','2019-05-04 14:14:10','2019-05-04 15:10:10',696),('2019-05-05 14:10:10','2019-05-05 14:21:10','2019-05-05 15:13:10',697),('2019-05-06 14:12:10','2019-05-06 14:28:10','2019-05-06 15:16:10',698),('2019-05-07 14:14:10','2019-05-07 14:16:10','2019-05-07 15:19:10',699),('2019-05-08 14:16:10','2019-05-08 14:23:10','2019-05-08 15:22:10',700),('2019-05-09 14:18:10','2019-05-09 14:30:10','2019-05-09 15:25:10',701),('2019-05-01 14:02:10','2019-05-01 14:19:10','2019-05-01 15:10:10',702),('2019-05-01 14:02:10','2019-05-01 14:05:10','2019-05-01 15:11:10',703),('2019-05-02 14:04:10','2019-05-02 14:19:10','2019-05-02 15:04:10',704),('2019-05-03 14:06:10','2019-05-03 14:21:10','2019-05-03 15:06:10',705),('2019-05-04 14:08:10','2019-05-04 14:09:10','2019-05-04 15:09:10',706),('2019-05-05 14:10:10','2019-05-05 14:16:10','2019-05-05 15:12:10',707),('2019-05-06 14:12:10','2019-05-06 14:23:10','2019-05-06 15:15:10',708),('2019-05-07 14:14:10','2019-05-07 14:30:10','2019-05-07 15:18:10',709),('2019-05-08 14:16:10','2019-05-08 14:18:10','2019-05-08 15:21:10',710),('2019-05-09 14:18:10','2019-05-09 14:25:10','2019-05-09 15:24:10',711),('2019-05-01 14:02:10','2019-05-01 14:14:10','2019-05-01 15:09:10',712),('2019-05-01 14:02:10','2019-05-01 14:19:10','2019-05-01 15:10:10',713),('2019-05-02 14:04:10','2019-05-02 14:07:10','2019-05-02 15:13:10',714),('2019-05-03 14:06:10','2019-05-03 14:21:10','2019-05-03 15:06:10',715),('2019-05-04 14:08:10','2019-05-04 14:23:10','2019-05-04 15:08:10',716),('2019-05-05 14:10:10','2019-05-05 14:11:10','2019-05-05 15:11:10',717),('2019-05-06 14:12:10','2019-05-06 14:18:10','2019-05-06 15:14:10',718),('2019-05-07 14:14:10','2019-05-07 14:25:10','2019-05-07 15:17:10',719),('2019-05-08 14:16:10','2019-05-08 14:32:10','2019-05-08 15:20:10',720),('2019-05-09 14:18:10','2019-05-09 14:20:10','2019-05-09 15:23:10',721),('2019-05-01 14:02:10','2019-05-01 14:09:10','2019-05-01 15:08:10',722),('2019-05-01 14:02:10','2019-05-01 14:14:10','2019-05-01 15:09:10',723),('2019-05-02 14:04:10','2019-05-02 14:21:10','2019-05-02 15:12:10',724),('2019-05-03 14:06:10','2019-05-03 14:09:10','2019-05-03 15:15:10',725),('2019-05-04 14:08:10','2019-05-04 14:23:10','2019-05-04 15:08:10',726),('2019-05-05 14:10:10','2019-05-05 14:25:10','2019-05-05 15:10:10',727),('2019-05-06 14:12:10','2019-05-06 14:13:10','2019-05-06 15:13:10',728),('2019-05-07 14:14:10','2019-05-07 14:20:10','2019-05-07 15:16:10',729),('2019-05-08 14:16:10','2019-05-08 14:27:10','2019-05-08 15:19:10',730),('2019-05-09 14:18:10','2019-05-09 14:34:10','2019-05-09 15:22:10',731),('2019-05-01 14:02:10','2019-05-01 14:04:10','2019-05-01 15:07:10',732),('2019-05-01 14:02:10','2019-05-01 14:09:10','2019-05-01 15:08:10',733),('2019-05-02 14:04:10','2019-05-02 14:16:10','2019-05-02 15:11:10',734),('2019-05-03 14:06:10','2019-05-03 14:23:10','2019-05-03 15:14:10',735),('2019-05-04 14:08:10','2019-05-04 14:11:10','2019-05-04 15:17:10',736),('2019-05-05 14:10:10','2019-05-05 14:25:10','2019-05-05 15:10:10',737),('2019-05-06 14:12:10','2019-05-06 14:27:10','2019-05-06 15:12:10',738),('2019-05-07 14:14:10','2019-05-07 14:15:10','2019-05-07 15:15:10',739),('2019-05-08 14:16:10','2019-05-08 14:22:10','2019-05-08 15:18:10',740),('2019-05-09 14:18:10','2019-05-09 14:29:10','2019-05-09 15:21:10',741),('2019-05-01 14:02:10','2019-05-01 14:18:10','2019-05-01 15:06:10',742),('2019-05-01 14:02:10','2019-05-01 14:04:10','2019-05-01 15:07:10',743),('2019-05-02 14:04:10','2019-05-02 14:11:10','2019-05-02 15:10:10',744),('2019-05-03 14:06:10','2019-05-03 14:18:10','2019-05-03 15:13:10',745),('2019-05-04 14:08:10','2019-05-04 14:25:10','2019-05-04 15:16:10',746),('2019-05-05 14:10:10','2019-05-05 14:13:10','2019-05-05 15:19:10',747),('2019-05-06 14:12:10','2019-05-06 14:27:10','2019-05-06 15:12:10',748),('2019-05-07 14:14:10','2019-05-07 14:29:10','2019-05-07 15:14:10',749),('2019-05-08 14:16:10','2019-05-08 14:17:10','2019-05-08 15:17:10',750),('2019-05-09 14:18:10','2019-05-09 14:24:10','2019-05-09 15:20:10',751),('2019-05-01 14:02:10','2019-05-01 14:13:10','2019-05-01 15:05:10',752),('2019-05-01 14:02:10','2019-05-01 14:18:10','2019-05-01 15:06:10',753),('2019-05-02 14:04:10','2019-05-02 14:06:10','2019-05-02 15:09:10',754),('2019-05-03 14:06:10','2019-05-03 14:13:10','2019-05-03 15:12:10',755),('2019-05-04 14:08:10','2019-05-04 14:20:10','2019-05-04 15:15:10',756),('2019-05-05 14:10:10','2019-05-05 14:27:10','2019-05-05 15:18:10',757),('2019-05-06 14:12:10','2019-05-06 14:15:10','2019-05-06 15:21:10',758),('2019-05-07 14:14:10','2019-05-07 14:29:10','2019-05-07 15:14:10',759),('2019-05-08 14:16:10','2019-05-08 14:31:10','2019-05-08 15:16:10',760),('2019-05-09 14:18:10','2019-05-09 14:19:10','2019-05-09 15:19:10',761),('2019-05-01 14:02:10','2019-05-01 14:08:10','2019-05-01 15:04:10',762),('2019-05-01 14:02:10','2019-05-01 14:13:10','2019-05-01 15:05:10',763),('2019-05-02 14:04:10','2019-05-02 14:20:10','2019-05-02 15:08:10',764),('2019-05-03 14:06:10','2019-05-03 14:08:10','2019-05-03 15:11:10',765),('2019-05-04 14:08:10','2019-05-04 14:15:10','2019-05-04 15:14:10',766),('2019-05-05 14:10:10','2019-05-05 14:22:10','2019-05-05 15:17:10',767),('2019-05-06 14:12:10','2019-05-06 14:29:10','2019-05-06 15:20:10',768),('2019-05-07 14:14:10','2019-05-07 14:17:10','2019-05-07 15:23:10',769),('2019-05-08 14:16:10','2019-05-08 14:31:10','2019-05-08 15:16:10',770),('2019-05-09 14:18:10','2019-05-09 14:33:10','2019-05-09 15:18:10',771),('2019-05-01 14:02:10','2019-05-01 14:03:10','2019-05-01 15:03:10',772),('2019-05-01 14:02:10','2019-05-01 14:08:10','2019-05-01 15:04:10',773),('2019-05-02 14:04:10','2019-05-02 14:15:10','2019-05-02 15:07:10',774),('2019-05-03 14:06:10','2019-05-03 14:22:10','2019-05-03 15:10:10',775),('2019-05-04 14:08:10','2019-05-04 14:10:10','2019-05-04 15:13:10',776),('2019-05-05 14:10:10','2019-05-05 14:17:10','2019-05-05 15:16:10',777),('2019-05-06 14:12:10','2019-05-06 14:24:10','2019-05-06 15:19:10',778),('2019-05-07 14:14:10','2019-05-07 14:31:10','2019-05-07 15:22:10',779),('2019-05-08 14:16:10','2019-05-08 14:19:10','2019-05-08 15:25:10',780),('2019-05-09 14:18:10','2019-05-09 14:33:10','2019-05-09 15:18:10',781),('2019-05-01 14:02:10','2019-05-01 14:17:10','2019-05-01 15:02:10',782),('2019-05-01 14:02:10','2019-05-01 14:03:10','2019-05-01 15:03:10',783),('2019-05-02 14:04:10','2019-05-02 14:10:10','2019-05-02 15:06:10',784),('2019-05-01 14:02:10','2019-05-01 14:13:10','2019-05-01 15:05:10',785),('2019-05-02 14:04:10','2019-05-02 14:20:10','2019-05-02 15:08:10',786),('2019-05-03 14:06:10','2019-05-03 14:08:10','2019-05-03 15:11:10',787),('2019-05-04 14:08:10','2019-05-04 14:15:10','2019-05-04 15:14:10',788),('2019-05-05 14:10:10','2019-05-05 14:22:10','2019-05-05 15:17:10',789),('2019-05-06 14:12:10','2019-05-06 14:29:10','2019-05-06 15:20:10',790),('2019-05-07 14:14:10','2019-05-07 14:17:10','2019-05-07 15:23:10',791),('2019-05-08 14:16:10','2019-05-08 14:31:10','2019-05-08 15:16:10',792),('2019-05-09 14:18:10','2019-05-09 14:33:10','2019-05-09 15:18:10',793),('2019-05-01 14:02:10','2019-05-01 14:03:10','2019-05-01 15:03:10',794),('2019-05-01 14:02:10','2019-05-01 14:08:10','2019-05-01 15:04:10',795),('2019-05-02 14:04:10','2019-05-02 14:15:10','2019-05-02 15:07:10',796),('2019-05-03 14:06:10','2019-05-03 14:22:10','2019-05-03 15:10:10',797),('2019-05-04 14:08:10','2019-05-04 14:10:10','2019-05-04 15:13:10',798),('2019-05-05 14:10:10','2019-05-05 14:17:10','2019-05-05 15:16:10',799),('2019-05-06 14:12:10','2019-05-06 14:24:10','2019-05-06 15:19:10',800),('2019-05-07 14:14:10','2019-05-07 14:31:10','2019-05-07 15:22:10',801),('2019-05-08 14:16:10','2019-05-08 14:19:10','2019-05-08 15:25:10',802),('2019-05-09 14:18:10','2019-05-09 14:33:10','2019-05-09 15:18:10',803),('2019-05-01 14:02:10','2019-05-01 14:17:10','2019-05-01 15:02:10',804),('2019-05-01 14:02:10','2019-05-01 14:03:10','2019-05-01 15:03:10',805),('2019-05-02 14:04:10','2019-05-02 14:10:10','2019-05-02 15:06:10',806),('2019-05-03 14:06:10','2019-05-03 14:17:10','2019-05-03 15:09:10',807),('2019-05-04 14:08:10','2019-05-04 14:24:10','2019-05-04 15:12:10',808),('2019-05-05 14:10:10','2019-05-05 14:12:10','2019-05-05 15:15:10',809),('2019-05-06 14:12:10','2019-05-06 14:19:10','2019-05-06 15:18:10',810),('2019-05-07 14:14:10','2019-05-07 14:26:10','2019-05-07 15:21:10',811),('2019-05-08 14:16:10','2019-05-08 14:33:10','2019-05-08 15:24:10',812),('2019-05-09 14:18:10','2019-05-09 14:21:10','2019-05-09 15:27:10',813),('2019-05-01 14:02:10','2019-05-01 14:17:10','2019-05-01 15:02:10',814),('2019-05-01 14:02:10','2019-05-01 14:17:10','2019-05-01 15:02:10',815),('2019-05-02 14:04:10','2019-05-02 14:05:10','2019-05-02 15:05:10',816),('2019-05-03 14:06:10','2019-05-03 14:12:10','2019-05-03 15:08:10',817),('2019-05-04 14:08:10','2019-05-04 14:19:10','2019-05-04 15:11:10',818),('2019-05-05 14:10:10','2019-05-05 14:26:10','2019-05-05 15:14:10',819),('2019-05-06 14:12:10','2019-05-06 14:14:10','2019-05-06 15:17:10',820),('2019-05-07 14:14:10','2019-05-07 14:21:10','2019-05-07 15:20:10',821),('2019-05-08 14:16:10','2019-05-08 14:28:10','2019-05-08 15:23:10',822),('2019-05-09 14:18:10','2019-05-09 14:35:10','2019-05-09 15:26:10',823),('2019-05-01 14:02:10','2019-05-01 14:05:10','2019-05-01 15:11:10',824),('2019-05-01 14:02:10','2019-05-01 14:17:10','2019-05-01 15:02:10',825),('2019-05-02 14:04:10','2019-05-02 14:19:10','2019-05-02 15:04:10',826),('2019-05-03 14:06:10','2019-05-03 14:07:10','2019-05-03 15:07:10',827),('2019-05-04 14:08:10','2019-05-04 14:14:10','2019-05-04 15:10:10',828),('2019-05-05 14:10:10','2019-05-05 14:21:10','2019-05-05 15:13:10',829),('2019-05-06 14:12:10','2019-05-06 14:28:10','2019-05-06 15:16:10',830),('2019-05-07 14:14:10','2019-05-07 14:16:10','2019-05-07 15:19:10',831),('2019-05-08 14:16:10','2019-05-08 14:23:10','2019-05-08 15:22:10',832),('2019-05-09 14:18:10','2019-05-09 14:30:10','2019-05-09 15:25:10',833),('2019-05-01 14:02:10','2019-05-01 14:19:10','2019-05-01 15:10:10',834),('2019-05-01 14:02:10','2019-05-01 14:05:10','2019-05-01 15:11:10',835),('2019-05-02 14:04:10','2019-05-02 14:19:10','2019-05-02 15:04:10',836),('2019-05-03 14:06:10','2019-05-03 14:21:10','2019-05-03 15:06:10',837),('2019-05-04 14:08:10','2019-05-04 14:09:10','2019-05-04 15:09:10',838),('2019-05-05 14:10:10','2019-05-05 14:16:10','2019-05-05 15:12:10',839),('2019-05-06 14:12:10','2019-05-06 14:23:10','2019-05-06 15:15:10',840),('2019-05-07 14:14:10','2019-05-07 14:30:10','2019-05-07 15:18:10',841),('2019-05-08 14:16:10','2019-05-08 14:18:10','2019-05-08 15:21:10',842),('2019-05-09 14:18:10','2019-05-09 14:25:10','2019-05-09 15:24:10',843),('2019-05-01 14:02:10','2019-05-01 14:14:10','2019-05-01 15:09:10',844),('2019-05-01 14:02:10','2019-05-01 14:19:10','2019-05-01 15:10:10',845),('2019-05-02 14:04:10','2019-05-02 14:07:10','2019-05-02 15:13:10',846),('2019-05-03 14:06:10','2019-05-03 14:21:10','2019-05-03 15:06:10',847),('2019-05-04 14:08:10','2019-05-04 14:23:10','2019-05-04 15:08:10',848),('2019-05-05 14:10:10','2019-05-05 14:11:10','2019-05-05 15:11:10',849),('2019-05-06 14:12:10','2019-05-06 14:18:10','2019-05-06 15:14:10',850),('2019-05-07 14:14:10','2019-05-07 14:25:10','2019-05-07 15:17:10',851),('2019-05-08 14:16:10','2019-05-08 14:32:10','2019-05-08 15:20:10',852),('2019-05-09 14:18:10','2019-05-09 14:20:10','2019-05-09 15:23:10',853),('2019-05-01 14:02:10','2019-05-01 14:09:10','2019-05-01 15:08:10',854),('2019-05-01 14:02:10','2019-05-01 14:14:10','2019-05-01 15:09:10',855),('2019-05-02 14:04:10','2019-05-02 14:21:10','2019-05-02 15:12:10',856),('2019-05-03 14:06:10','2019-05-03 14:09:10','2019-05-03 15:15:10',857),('2019-05-04 14:08:10','2019-05-04 14:23:10','2019-05-04 15:08:10',858),('2019-05-05 14:10:10','2019-05-05 14:25:10','2019-05-05 15:10:10',859),('2019-05-06 14:12:10','2019-05-06 14:13:10','2019-05-06 15:13:10',860),('2019-05-07 14:14:10','2019-05-07 14:20:10','2019-05-07 15:16:10',861),('2019-05-08 14:16:10','2019-05-08 14:27:10','2019-05-08 15:19:10',862),('2019-05-09 14:18:10','2019-05-09 14:34:10','2019-05-09 15:22:10',863),('2019-05-01 14:02:10','2019-05-01 14:04:10','2019-05-01 15:07:10',864),('2019-05-01 14:02:10','2019-05-01 14:09:10','2019-05-01 15:08:10',865),('2019-05-02 14:04:10','2019-05-02 14:16:10','2019-05-02 15:11:10',866),('2019-05-03 14:06:10','2019-05-03 14:23:10','2019-05-03 15:14:10',867),('2019-05-04 14:08:10','2019-05-04 14:11:10','2019-05-04 15:17:10',868),('2019-05-05 14:10:10','2019-05-05 14:25:10','2019-05-05 15:10:10',869),('2019-05-06 14:12:10','2019-05-06 14:27:10','2019-05-06 15:12:10',870),('2019-05-07 14:14:10','2019-05-07 14:15:10','2019-05-07 15:15:10',871),('2019-05-08 14:16:10','2019-05-08 14:22:10','2019-05-08 15:18:10',872),('2019-05-09 14:18:10','2019-05-09 14:29:10','2019-05-09 15:21:10',873),('2019-05-01 14:02:10','2019-05-01 14:18:10','2019-05-01 15:06:10',874),('2019-05-01 14:02:10','2019-05-01 14:04:10','2019-05-01 15:07:10',875),('2019-05-02 14:04:10','2019-05-02 14:11:10','2019-05-02 15:10:10',876),('2019-05-03 14:06:10','2019-05-03 14:18:10','2019-05-03 15:13:10',877),('2019-05-04 14:08:10','2019-05-04 14:25:10','2019-05-04 15:16:10',878),('2019-05-05 14:10:10','2019-05-05 14:13:10','2019-05-05 15:19:10',879),('2019-05-06 14:12:10','2019-05-06 14:27:10','2019-05-06 15:12:10',880),('2019-05-07 14:14:10','2019-05-07 14:29:10','2019-05-07 15:14:10',881),('2019-05-08 14:16:10','2019-05-08 14:17:10','2019-05-08 15:17:10',882),('2019-05-09 14:18:10','2019-05-09 14:24:10','2019-05-09 15:20:10',883),('2019-05-01 14:02:10','2019-05-01 14:13:10','2019-05-01 15:05:10',884),('2019-05-01 14:02:10','2019-05-01 14:18:10','2019-05-01 15:06:10',885),('2019-05-02 14:04:10','2019-05-02 14:06:10','2019-05-02 15:09:10',886),('2019-05-01 14:02:10','2019-05-01 14:09:10','2019-05-01 15:08:10',887),('2019-05-02 14:04:10','2019-05-02 14:16:10','2019-05-02 15:11:10',888),('2019-05-03 14:06:10','2019-05-03 14:23:10','2019-05-03 15:14:10',889),('2019-05-04 14:08:10','2019-05-04 14:11:10','2019-05-04 15:17:10',890),('2019-05-05 14:10:10','2019-05-05 14:25:10','2019-05-05 15:10:10',891),('2019-05-06 14:12:10','2019-05-06 14:27:10','2019-05-06 15:12:10',892),('2019-05-07 14:14:10','2019-05-07 14:15:10','2019-05-07 15:15:10',893),('2019-05-08 14:16:10','2019-05-08 14:22:10','2019-05-08 15:18:10',894),('2019-05-09 14:18:10','2019-05-09 14:29:10','2019-05-09 15:21:10',895),('2019-05-01 14:02:10','2019-05-01 14:18:10','2019-05-01 15:06:10',896),('2019-05-01 14:02:10','2019-05-01 14:04:10','2019-05-01 15:07:10',897),('2019-05-02 14:04:10','2019-05-02 14:11:10','2019-05-02 15:10:10',898),('2019-05-03 14:06:10','2019-05-03 14:18:10','2019-05-03 15:13:10',899),('2019-05-04 14:08:10','2019-05-04 14:25:10','2019-05-04 15:16:10',900),('2019-05-05 14:10:10','2019-05-05 14:13:10','2019-05-05 15:19:10',901),('2019-05-06 14:12:10','2019-05-06 14:27:10','2019-05-06 15:12:10',902),('2019-05-07 14:14:10','2019-05-07 14:29:10','2019-05-07 15:14:10',903),('2019-05-08 14:16:10','2019-05-08 14:17:10','2019-05-08 15:17:10',904),('2019-05-09 14:18:10','2019-05-09 14:24:10','2019-05-09 15:20:10',905),('2019-05-01 14:02:10','2019-05-01 14:13:10','2019-05-01 15:05:10',906),('2019-05-01 14:02:10','2019-05-01 14:18:10','2019-05-01 15:06:10',907),('2019-05-02 14:04:10','2019-05-02 14:06:10','2019-05-02 15:09:10',908),('2019-05-03 14:06:10','2019-05-03 14:13:10','2019-05-03 15:12:10',909),('2019-05-04 14:08:10','2019-05-04 14:20:10','2019-05-04 15:15:10',910),('2019-05-05 14:10:10','2019-05-05 14:27:10','2019-05-05 15:18:10',911),('2019-05-06 14:12:10','2019-05-06 14:15:10','2019-05-06 15:21:10',912),('2019-05-07 14:14:10','2019-05-07 14:29:10','2019-05-07 15:14:10',913),('2019-05-08 14:16:10','2019-05-08 14:31:10','2019-05-08 15:16:10',914),('2019-05-09 14:18:10','2019-05-09 14:19:10','2019-05-09 15:19:10',915),('2019-05-01 14:02:10','2019-05-01 14:08:10','2019-05-01 15:04:10',916),('2019-05-01 14:02:10','2019-05-01 14:13:10','2019-05-01 15:05:10',917),('2019-05-02 14:04:10','2019-05-02 14:20:10','2019-05-02 15:08:10',918),('2019-05-03 14:06:10','2019-05-03 14:08:10','2019-05-03 15:11:10',919),('2019-05-04 14:08:10','2019-05-04 14:15:10','2019-05-04 15:14:10',920),('2019-05-05 14:10:10','2019-05-05 14:22:10','2019-05-05 15:17:10',921),('2019-05-06 14:12:10','2019-05-06 14:29:10','2019-05-06 15:20:10',922),('2019-05-07 14:14:10','2019-05-07 14:17:10','2019-05-07 15:23:10',923),('2019-05-08 14:16:10','2019-05-08 14:31:10','2019-05-08 15:16:10',924),('2019-05-09 14:18:10','2019-05-09 14:33:10','2019-05-09 15:18:10',925),('2019-05-01 14:02:10','2019-05-01 14:03:10','2019-05-01 15:03:10',926),('2019-05-01 14:02:10','2019-05-01 14:08:10','2019-05-01 15:04:10',927),('2019-05-02 14:04:10','2019-05-02 14:15:10','2019-05-02 15:07:10',928),('2019-05-03 14:06:10','2019-05-03 14:22:10','2019-05-03 15:10:10',929),('2019-05-04 14:08:10','2019-05-04 14:10:10','2019-05-04 15:13:10',930),('2019-05-05 14:10:10','2019-05-05 14:17:10','2019-05-05 15:16:10',931),('2019-05-06 14:12:10','2019-05-06 14:24:10','2019-05-06 15:19:10',932),('2019-05-07 14:14:10','2019-05-07 14:31:10','2019-05-07 15:22:10',933),('2019-05-08 14:16:10','2019-05-08 14:19:10','2019-05-08 15:25:10',934),('2019-05-09 14:18:10','2019-05-09 14:33:10','2019-05-09 15:18:10',935),('2019-05-01 14:02:10','2019-05-01 14:17:10','2019-05-01 15:02:10',936),('2019-05-01 14:02:10','2019-05-01 14:03:10','2019-05-01 15:03:10',937),('2019-05-02 14:04:10','2019-05-02 14:10:10','2019-05-02 15:06:10',938),('2019-05-03 14:06:10','2019-05-03 14:17:10','2019-05-03 15:09:10',939),('2019-05-04 14:08:10','2019-05-04 14:24:10','2019-05-04 15:12:10',940),('2019-05-05 14:10:10','2019-05-05 14:12:10','2019-05-05 15:15:10',941),('2019-05-06 14:12:10','2019-05-06 14:19:10','2019-05-06 15:18:10',942),('2019-05-07 14:14:10','2019-05-07 14:26:10','2019-05-07 15:21:10',943),('2019-05-08 14:16:10','2019-05-08 14:33:10','2019-05-08 15:24:10',944),('2019-05-09 14:18:10','2019-05-09 14:21:10','2019-05-09 15:27:10',945),('2019-05-01 14:02:10','2019-05-01 14:17:10','2019-05-01 15:02:10',946),('2019-05-01 14:02:10','2019-05-01 14:17:10','2019-05-01 15:02:10',947),('2019-05-02 14:04:10','2019-05-02 14:05:10','2019-05-02 15:05:10',948),('2019-05-03 14:06:10','2019-05-03 14:12:10','2019-05-03 15:08:10',949),('2019-05-04 14:08:10','2019-05-04 14:19:10','2019-05-04 15:11:10',950),('2019-05-05 14:10:10','2019-05-05 14:26:10','2019-05-05 15:14:10',951),('2019-05-06 14:12:10','2019-05-06 14:14:10','2019-05-06 15:17:10',952),('2019-05-07 14:14:10','2019-05-07 14:21:10','2019-05-07 15:20:10',953),('2019-05-08 14:16:10','2019-05-08 14:28:10','2019-05-08 15:23:10',954),('2019-05-09 14:18:10','2019-05-09 14:35:10','2019-05-09 15:26:10',955),('2019-05-01 14:02:10','2019-05-01 14:05:10','2019-05-01 15:11:10',956),('2019-05-01 14:02:10','2019-05-01 14:17:10','2019-05-01 15:02:10',957),('2019-05-02 14:04:10','2019-05-02 14:19:10','2019-05-02 15:04:10',958),('2019-05-03 14:06:10','2019-05-03 14:07:10','2019-05-03 15:07:10',959),('2019-05-04 14:08:10','2019-05-04 14:14:10','2019-05-04 15:10:10',960),('2019-05-05 14:10:10','2019-05-05 14:21:10','2019-05-05 15:13:10',961),('2019-05-06 14:12:10','2019-05-06 14:28:10','2019-05-06 15:16:10',962),('2019-05-07 14:14:10','2019-05-07 14:16:10','2019-05-07 15:19:10',963),('2019-05-08 14:16:10','2019-05-08 14:23:10','2019-05-08 15:22:10',964),('2019-05-09 14:18:10','2019-05-09 14:30:10','2019-05-09 15:25:10',965),('2019-05-01 14:02:10','2019-05-01 14:19:10','2019-05-01 15:10:10',966),('2019-05-01 14:02:10','2019-05-01 14:05:10','2019-05-01 15:11:10',967),('2019-05-02 14:04:10','2019-05-02 14:19:10','2019-05-02 15:04:10',968),('2019-05-03 14:06:10','2019-05-03 14:21:10','2019-05-03 15:06:10',969),('2019-05-04 14:08:10','2019-05-04 14:09:10','2019-05-04 15:09:10',970),('2019-05-05 14:10:10','2019-05-05 14:16:10','2019-05-05 15:12:10',971),('2019-05-06 14:12:10','2019-05-06 14:23:10','2019-05-06 15:15:10',972),('2019-05-07 14:14:10','2019-05-07 14:30:10','2019-05-07 15:18:10',973),('2019-05-08 14:16:10','2019-05-08 14:18:10','2019-05-08 15:21:10',974),('2019-05-09 14:18:10','2019-05-09 14:25:10','2019-05-09 15:24:10',975),('2019-05-01 14:02:10','2019-05-01 14:14:10','2019-05-01 15:09:10',976),('2019-05-01 14:02:10','2019-05-01 14:19:10','2019-05-01 15:10:10',977),('2019-05-02 14:04:10','2019-05-02 14:07:10','2019-05-02 15:13:10',978),('2019-05-03 14:06:10','2019-05-03 14:21:10','2019-05-03 15:06:10',979),('2019-05-04 14:08:10','2019-05-04 14:23:10','2019-05-04 15:08:10',980),('2019-05-05 14:10:10','2019-05-05 14:11:10','2019-05-05 15:11:10',981),('2019-05-06 14:12:10','2019-05-06 14:18:10','2019-05-06 15:14:10',982),('2019-05-07 14:14:10','2019-05-07 14:25:10','2019-05-07 15:17:10',983),('2019-05-08 14:16:10','2019-05-08 14:32:10','2019-05-08 15:20:10',984),('2019-05-09 14:18:10','2019-05-09 14:20:10','2019-05-09 15:23:10',985),('2019-05-01 14:02:10','2019-05-01 14:09:10','2019-05-01 15:08:10',986),('2019-05-01 14:02:10','2019-05-01 14:14:10','2019-05-01 15:09:10',987),('2019-05-02 14:04:10','2019-05-02 14:21:10','2019-05-02 15:12:10',988);
/*!40000 ALTER TABLE `GLSTradeProcessAudit` ENABLE KEYS */;
UNLOCK TABLES;

--
-- Table structure for table `TradeAllocations`
--

DROP TABLE IF EXISTS `TradeAllocations`;
/*!40101 SET @saved_cs_client     = @@character_set_client */;
/*!40101 SET character_set_client = utf8 */;
CREATE TABLE `TradeAllocations` (
  `TradeId` int(11) NOT NULL,
  `AccountId` int(11) DEFAULT NULL,
  PRIMARY KEY (`TradeId`)
) ENGINE=InnoDB DEFAULT CHARSET=latin1;
/*!40101 SET character_set_client = @saved_cs_client */;

--
-- Dumping data for table `TradeAllocations`
--

LOCK TABLES `TradeAllocations` WRITE;
/*!40000 ALTER TABLE `TradeAllocations` DISABLE KEYS */;
INSERT INTO `TradeAllocations` VALUES (1,36),(2,42),(3,65),(4,49),(5,24),(6,25),(7,99),(8,56),(9,7),(10,39),(11,46),(12,71),(13,38),(14,96),(15,78),(16,15),(17,13),(18,45),(19,57),(20,31),(21,49),(22,30),(23,14),(24,39),(25,49),(26,96),(27,14),(28,24),(29,41),(30,31),(31,9),(32,87),(33,72),(34,66),(35,54),(36,54),(37,70),(38,45),(39,65),(40,16),(41,74),(42,11),(43,37),(44,5),(45,78),(46,97),(47,45),(48,46),(49,4),(50,81),(51,49),(52,31),(53,77),(54,9),(55,62),(56,2),(57,69),(58,94),(59,90),(60,61),(61,90),(62,64),(63,42),(64,94),(65,96),(66,35),(67,26),(68,38),(69,29),(70,47),(71,13),(72,64),(73,13),(74,95),(75,59),(76,59),(77,64),(78,12),(79,35),(80,16),(81,20),(82,73),(83,10),(84,85),(85,44),(86,47),(87,16),(88,35),(89,77),(90,85),(91,81),(92,63),(93,3),(94,26),(95,53),(96,38),(97,11),(98,93),(99,75),(100,45),(101,19),(102,82);
/*!40000 ALTER TABLE `TradeAllocations` ENABLE KEYS */;
UNLOCK TABLES;

--
-- Table structure for table `TradeBatches`
--

DROP TABLE IF EXISTS `TradeBatches`;
/*!40101 SET @saved_cs_client     = @@character_set_client */;
/*!40101 SET character_set_client = utf8 */;
CREATE TABLE `TradeBatches` (
  `TradeBatchId` int(11) NOT NULL AUTO_INCREMENT,
  `BatchGUID` int(11) DEFAULT NULL,
  PRIMARY KEY (`TradeBatchId`)
) ENGINE=InnoDB AUTO_INCREMENT=205 DEFAULT CHARSET=latin1;
/*!40101 SET character_set_client = @saved_cs_client */;

--
-- Dumping data for table `TradeBatches`
--

LOCK TABLES `TradeBatches` WRITE;
/*!40000 ALTER TABLE `TradeBatches` DISABLE KEYS */;
INSERT INTO `TradeBatches` VALUES (103,901),(104,902),(105,903),(106,904),(107,905),(108,906),(109,907),(110,908),(111,909),(112,910),(113,911),(114,912),(115,913),(116,914),(117,915),(118,916),(119,917),(120,918),(121,919),(122,920),(123,921),(124,922),(125,923),(126,924),(127,925),(128,926),(129,927),(130,928),(131,929),(132,930),(133,931),(134,932),(135,933),(136,934),(137,935),(138,936),(139,937),(140,938),(141,939),(142,940),(143,941),(144,942),(145,943),(146,944),(147,945),(148,946),(149,947),(150,948),(151,949),(152,950),(153,951),(154,952),(155,953),(156,954),(157,955),(158,956),(159,957),(160,958),(161,959),(162,960),(163,961),(164,962),(165,963),(166,964),(167,965),(168,966),(169,967),(170,968),(171,969),(172,970),(173,971),(174,972),(175,973),(176,974),(177,975),(178,976),(179,977),(180,978),(181,979),(182,980),(183,981),(184,982),(185,983),(186,984),(187,985),(188,986),(189,987),(190,988),(191,989),(192,990),(193,991),(194,992),(195,993),(196,994),(197,995),(198,996),(199,997),(200,998),(201,999),(202,1000),(203,1001),(204,1002);
/*!40000 ALTER TABLE `TradeBatches` ENABLE KEYS */;
UNLOCK TABLES;

--
-- Table structure for table `TradeSet`
--

DROP TABLE IF EXISTS `TradeSet`;
/*!40101 SET @saved_cs_client     = @@character_set_client */;
/*!40101 SET character_set_client = utf8 */;
CREATE TABLE `TradeSet` (
  `BatchGUID` int(11) NOT NULL,
  `TradeSetId` int(11) NOT NULL AUTO_INCREMENT,
  `Trader` text,
  `Description` text,
  `created` datetime DEFAULT NULL,
  `CreatedBy` text,
  `Stale` text,
  `Processed` datetime DEFAULT NULL,
  PRIMARY KEY (`TradeSetId`)
) ENGINE=InnoDB AUTO_INCREMENT=104 DEFAULT CHARSET=latin1;
/*!40101 SET character_set_client = @saved_cs_client */;

--
-- Dumping data for table `TradeSet`
--

LOCK TABLES `TradeSet` WRITE;
/*!40000 ALTER TABLE `TradeSet` DISABLE KEYS */;
INSERT INTO `TradeSet` VALUES (999,1,'JACK','SPARROW',NULL,'CAP JACK',NULL,NULL),(901,2,'UtaDX','NpxQJ5Z6gNlxCSirRnd0rDQNk4YkLtTc7Ok159xp',NULL,'80Kjz',NULL,NULL),(902,3,'3fAYI','CmT06noutvCwxhKhc5W1ZaadjGYZ7L1JJzdKebvq',NULL,'nfZ4n',NULL,NULL),(903,4,'aFucZ','DkNMARRYsqus1y90bK4BorNT6bpxyklkp5ozg4OS',NULL,'SAVuT',NULL,NULL),(904,5,'6P32B','NX9Fc7KwOqOv2IIsSiqAhr21KcTUbYXMXtPfhfFK',NULL,'BsKVJ',NULL,NULL),(905,6,'Ouk08','2tG8v8TSpWBfOINy8YlEAuB3Im1VbSXZc3n7QrM3',NULL,'J6DiA',NULL,NULL),(906,7,'JXfKY','iUNJwYmb6xJY9kZ33cXVYAkbVyOdu9hM2yq3uiSA',NULL,'uCBaC',NULL,NULL),(907,8,'gGUM5','gq9iXZxSgSiCgNr3KUvz8Ol0jhh58SXYLkqDRtix',NULL,'Iyhxm',NULL,NULL),(908,9,'bcSC0','R9MCUz9w1EGy9ni77kF0531KXRYJipVzk8TyEiQa',NULL,'WOFFd',NULL,NULL),(909,10,'sWJKH','7JunU5MQ9HluF3t5SMrcOwbFWj3ZEabr8dk3CrmL',NULL,'lGuI8',NULL,NULL),(901,11,'PN05v','Vwod7qxxc3HUSbtWqtTepKu6Eky21W6DbTnF725v',NULL,'p8kR9',NULL,NULL),(901,12,'IRUmG','k136F18xXapYy92hVFoWIUaptybf3lYucl6coLN3',NULL,'QMZhx',NULL,NULL),(902,13,'LiACj','HsxvgWPOeT0TwbgsfT6oTbLNedAbzOo8dpvNIN9L',NULL,'UWWN9',NULL,NULL),(903,14,'KRFHB','1o5mQKNRSfnctKioQN3MRwd2ZIgnwD61SG2yCNfX',NULL,'QNFqZ',NULL,NULL),(904,15,'7Suj3','TRpwVDxtGb1KwFwhDUuP44FHAKcyRZ3Wz80jpbIx',NULL,'Wyb63',NULL,NULL),(905,16,'dJxxt','amACSi6KTsO9SuRP7LtqYE95Y4rtD0zNrAHOK1RK',NULL,'pe2oo',NULL,NULL),(906,17,'x9E3t','NCKTlURVf1bdEo4fmerBekdyzcI4PAYMLAjB7naZ',NULL,'AQrb2',NULL,NULL),(907,18,'FJ3V4','UggdrtkuynL3ZasJHEE9M6PhwELZUfgXkpH4pQrj',NULL,'94xxw',NULL,NULL),(908,19,'iv4C7','cICwRZDl5OyOc7E6kb2OCBs7DU6MMLrwpUaent3w',NULL,'VjNgS',NULL,NULL),(909,20,'jza2K','aGaVzD7AmtwV4NAA9etGy6WgdGBGisMqQNDBO0WA',NULL,'6FJXQ',NULL,NULL),(901,21,'Uoo5r','ZSr9y5OBnzXOtRtvRSmGqFKVa4XwHneuqtU4eZys',NULL,'NEFpY',NULL,NULL),(901,22,'jihgi','qLKOzqkbVfX1ZMS1epatCZEp59Ar6eWrXNVaiM2A',NULL,'yIG7Z',NULL,NULL),(902,23,'Kjqji','XZGJzIcMV6w3KZWN7e2QOWPYz2fJdCEAfluorBYg',NULL,'9MGBV',NULL,NULL),(903,24,'dzLRZ','2XY8RT0sBMtP7mKhFm5DyKGNw8jjBhBRimsAezJN',NULL,'fbRrv',NULL,NULL),(904,25,'Zy8zY','ysQARvZRmlYfMi4hCwXXu2cLHny83nkcVy886Cx0',NULL,'pA6oy',NULL,NULL),(905,26,'MyT8E','dSm5vjkv1FTi0StXGVLZ9ue95ceYlvy7032vzqFf',NULL,'X4HYJ',NULL,NULL),(906,27,'ThAoE','3kRwHpJZ4mtdrQhvQJPmycwuGwXisUKU7IoIzfeu',NULL,'v1YJR',NULL,NULL),(907,28,'j61aZ','TkCEfvd2st26Urc3rixYuOAPgKgrGx4Ucy8Lvs4Y',NULL,'ZdLtu',NULL,NULL),(908,29,'HIW6c','IOUwN2ckxCX4fQ1Pc5KMZ7FtuTG2VcHF8yYtjcBr',NULL,'QMEDV',NULL,NULL),(909,30,'cHwsn','m8UvsvM30M9O69AsHeX26Skafv7ALD1UAKBMfF4v',NULL,'mqEhj',NULL,NULL),(901,31,'S9W1z','RKLpDMRnkcBygBJVvxQRzYHzrQc7nyS1ld16zmCw',NULL,'mjGcM',NULL,NULL),(901,32,'MjHrW','e7MX4WN7gSZjCzAZOBh17tvaaHc75EDRnkuNWEKU',NULL,'AvoLy',NULL,NULL),(902,33,'pmYLv','V58RTnzINzdiNEGGGJZFyq4aHrrEmgRwEgNbXCVV',NULL,'3wfX6',NULL,NULL),(903,34,'WtWIj','SndymEPBB0gnRokfcB57006fQUuQc0F1j89SChUE',NULL,'kzYie',NULL,NULL),(904,35,'qwzLB','kx9tpBMpHK608iLaDOaXhlCrxiFxDCCj6zQ2e9A4',NULL,'4YqGc',NULL,NULL),(905,36,'6BlTl','eMtbvhcXOJtT4wmliDx5jFmfBJJwxFuOKyo5wpNi',NULL,'kVF5T',NULL,NULL),(906,37,'odbAU','Kc8cpI9zGjJvlCucRuZTkFJGPPIMyTg6F8f1dBdA',NULL,'u6cUk',NULL,NULL),(907,38,'r46PV','A8x0cjke5HKsCrcuz0XeGSAeAd36G6cTyxiSp8qo',NULL,'TIHUu',NULL,NULL),(908,39,'BOWIf','KmSSBTgbP2VqoA0l6hkqXeabD3S4cRxHqBXBPpDG',NULL,'pbAvs',NULL,NULL),(909,40,'jtESQ','7s0RCiQTxsuD4b3KjJcikz3DmD8KvxJOOcFC6mlq',NULL,'GS1sn',NULL,NULL),(901,41,'8D5R9','tnmba9dUs8X2jkDZ1V7oL4EPJXHP83ZBTAPKFrnx',NULL,'KgYXR',NULL,NULL),(901,42,'NEcnZ','GkVBBErTzPbsZCB6kjiQl8qSVeOWtObcW9fssaym',NULL,'Iddh2',NULL,NULL),(902,43,'a3hcJ','bN8rVEHWQTDUBnxS0qkw1o4Rata4wwfSKegmFyKN',NULL,'ZPSYb',NULL,NULL),(903,44,'f54wR','Fx5pQJ4qUHV3B4kyHxQeA0CxrJiJMuJJ6oq4egzL',NULL,'uoLba',NULL,NULL),(904,45,'8YVJA','msX0utAdwM3Q8NBoH7yHyF99SVdqv20US3hWn37u',NULL,'jLJ1W',NULL,NULL),(905,46,'NA6D2','1kmoe7k3sau3KfRNXxXeTgK4zArMPCcqUG8odtad',NULL,'ZJn6k',NULL,NULL),(906,47,'73pfX','AhUdDGi5DRcgDAAvikjyUjt073R2aGnRf2DBJPKL',NULL,'w4Uub',NULL,NULL),(907,48,'loxqX','bKhAAjIXY4GxMDhR7vVwzZVkwz3FsGiVF9IZXYBw',NULL,'zI3iE',NULL,NULL),(908,49,'UH3tM','CLAAgKiVcMNNClXWDYIsDe84QGUxKooq2CQ2gUYb',NULL,'FZHQl',NULL,NULL),(909,50,'TaiQn','e6XkM4ne8Egk2DDjgJANndfsFAxyNZ5J6mOUT2qF',NULL,'s0u25',NULL,NULL),(901,51,'53VAO','2GDAw0kjmqepIt7wFQKIIZ1N4lkF01rLiOiSf8Ld',NULL,'3Af3N',NULL,NULL),(901,52,'v6dFT','GEqYnToAx0hH36smUnTvdRozgLqPCplT14z2JndI',NULL,'UVMMG',NULL,NULL),(902,53,'gINln','ndkm05rJK7pzk4Mszoh1IgJVICWnQCn1yRXzyBrK',NULL,'ybQ3i',NULL,NULL),(903,54,'NGy6l','yc1XwIRWnOTW1vKkWOqbs2SPmhWVYizL8erCT63A',NULL,'1yQ4E',NULL,NULL),(904,55,'pqAIF','X43fn5bYgxGR9GRSorPMxTww6YzqmAmklJ9ljUn8',NULL,'0y4OT',NULL,NULL),(905,56,'HRKFh','Rj3FXf18zotB9QZYHoNAt21lRONsuE61PmUvzzT6',NULL,'Uixp4',NULL,NULL),(906,57,'Rdp53','x97tmmuUuQz7bRLIeYLwx0kyOQ2nAqGsNjy9BihK',NULL,'n0QAn',NULL,NULL),(907,58,'q4Gkg','4zip8dSxXSOelcyCBIwH3cCIobbzeEsgiKq469Ti',NULL,'7N7wW',NULL,NULL),(908,59,'SCVCQ','2QMgjRBO9Jhjf041F1SFSSPHGGg287jMb2mX43fp',NULL,'LRWtQ',NULL,NULL),(909,60,'x8zMS','fqYVJ3S4kG8y7KUCo2It8F4Ck6312RCsdKBBZBhs',NULL,'n8DRW',NULL,NULL),(901,61,'gAZY9','KkcCAmerZZulSonBG0h9M0Ma5Yb2hUn5Zelk0kP9',NULL,'PTeF6',NULL,NULL),(901,62,'BItjO','I3gdFDvgGMgnSnq9kqvKFEfh1CUCSBLnhrZ4yieh',NULL,'MIhzf',NULL,NULL),(902,63,'LkQex','JPkf7z92R5qkJH2nGjt66mk6P3sjXkUeKyk2E9lW',NULL,'5EYML',NULL,NULL),(903,64,'KtnDz','z6QA000un5dwKk3XnRRD6EYxIMkQv3HE1LfQv0xy',NULL,'41FXC',NULL,NULL),(904,65,'LQgRr','AxV64RzNQAXe1TEJBLFR2ku3P0qAAr7G0lbXlOlk',NULL,'0QWaX',NULL,NULL),(905,66,'mahfW','YA9VIpZB3Auq998kY8nbeTg8dpb7Q3HU2w8iPFry',NULL,'E874w',NULL,NULL),(906,67,'HJeFF','c65he0I44HXq7f1dfMC2CD2jWGUXDv8rTqXCiI9B',NULL,'ZUOC5',NULL,NULL),(907,68,'6CUDe','OFRCpaPF5Gp3H0Bnd7bSMsH3lSJoWcd6fTNdmmes',NULL,'FKZms',NULL,NULL),(908,69,'fPs1Z','Xfi3fWX6niA3RA5XGxfuC3olOuSjdWOHHHeq3ryM',NULL,'tHrwn',NULL,NULL),(909,70,'EyhJS','yFravxDDvVpVWlunBH7EQeP2dyt1ROrxmByHqLeU',NULL,'MBvyP',NULL,NULL),(901,71,'eyhwd','k8jG4zTAIuPQ3MFTNUED87K4rFh0fgmXtyOv2AUQ',NULL,'XB3NF',NULL,NULL),(901,72,'5oaih','kS5mfdB2W3UuvyKHaDTqDm0o55WEmM6yd0Wn5fMa',NULL,'sqJda',NULL,NULL),(902,73,'V2Nkc','TxqMkBNBPnuSVoAoN2eS9QEzxWzHNp2CEEvhEP4q',NULL,'nXBAu',NULL,NULL),(903,74,'uAP1w','FjT1JjiBlz5NF2IePPU2FIrYFWIfT1e4LtnT0bHZ',NULL,'iTUD4',NULL,NULL),(904,75,'UNX9A','WlFbuenFAPq9C2rMQHv50kyGO4o8qsA30jnHZzOb',NULL,'yvcDt',NULL,NULL),(905,76,'hYu4D','IWVNbO5Yh21uTNGKo332uBoF7cbllEmh7UOKktun',NULL,'WPITB',NULL,NULL),(906,77,'7iEsl','uld4wVMB0W32XhAExe5JbZLQkTw71CMDoLiuZOaE',NULL,'vjLoH',NULL,NULL),(907,78,'p0MXR','UQzA8GaUaDJP9XoHm8mBDkllqLbwbPAooDROTPZj',NULL,'i8vp8',NULL,NULL),(908,79,'TR4rK','0nLqI9AUkxqyJa4qUtt7LHoj3mnrk9V3pQ1FU8ss',NULL,'5hlDw',NULL,NULL),(909,80,'gLict','ODmnY5zREyus9q2NdMfkbinL4XkFWZXuylHf1jsb',NULL,'JbOup',NULL,NULL),(901,81,'Fm3X4','I4oC0sub8S9dgs59M4xfce0DB6SYFxJ8NiF1w5Om',NULL,'9dD4g',NULL,NULL),(901,82,'nJiKy','swiFbCoTT8FMASbkct5a4Mq9xXn37xqJBouPFUML',NULL,'nEeDt',NULL,NULL),(902,83,'WTlYS','5c4tVy17sY20iWIZbdgwdMQ3I8eKSLef2cZEOQX9',NULL,'gTctW',NULL,NULL),(903,84,'Nm3H7','3MQutqJbFmpuRyTp9WkBzkvt35C77SGVz8arOGSZ',NULL,'Og9lg',NULL,NULL),(904,85,'zeBzi','BcyUkH8fSDpTfinBKwt8G7A4xLCLCUqghINZqw2D',NULL,'kkjwS',NULL,NULL),(905,86,'JfGZ7','HluSacE3eWVNGH6U7ofv8nNlxs0YD45psKgVAdPs',NULL,'llz1B',NULL,NULL),(906,87,'K5zQm','83horWnMIKcSJatPdmm4TuVy8wKtLB4Y8hCppDLa',NULL,'wMovL',NULL,NULL),(907,88,'Bw3rn','9FsZXiZtzUIlkG0pOnokmh1y7kRs7XE5pmMoxizI',NULL,'GOOLp',NULL,NULL),(908,89,'q4VOh','nf8ywM0bk0Vfb5GWRB2fx1T0Rs4drnbVxLGVpPPB',NULL,'k15DF',NULL,NULL),(909,90,'9OZyk','mqRpplKg78O4FMLTHKaKLNvjoogHCnqk8mB75q8s',NULL,'npbEH',NULL,NULL),(901,91,'j0nke','dxbpcn1YzJOgXMaRFmhFWa4tUT4tQvO8psUW9jQB',NULL,'E2doz',NULL,NULL),(901,92,'mF8HU','7oEGbSSQ8uKe17ytAaoOMPeLq4WNKNkpnqQ2bDKC',NULL,'JuAdN',NULL,NULL),(902,93,'VOPmt','CJArXl8wWSD6yd8e6lHjB0QJawolggveAifzVuQT',NULL,'PyKeD',NULL,NULL),(903,94,'b7ezf','2URwNjNQXSi24xnpNo9H4fRieV7arJ4HKPhTHqQm',NULL,'X7Ok1',NULL,NULL),(904,95,'mNRGg','QybRMZG0SrzJehgyKhNq5uSFqaqoAuFBR0nnODvP',NULL,'J4XFr',NULL,NULL),(905,96,'AUgqs','V3fyheAGkryly2u1m8KyNqnBD4Otjwxbr3Qli5B5',NULL,'E4hEG',NULL,NULL),(906,97,'iO0xV','4Y4JVRIsvhKGSLgJDYhSESp1SQmxrRy0H6DA0QvJ',NULL,'amyh0',NULL,NULL),(907,98,'eEGqO','5oeFdVmNcFhngmszHijCHfDWSLflFTMQjD54j8Or',NULL,'e66kN',NULL,NULL),(908,99,'6Bsnw','zDyZDyzIwZ0MthsHaDUblxWjhaTui8FENdmgABNM',NULL,'JGFOk',NULL,NULL),(909,100,'bzRaF','yNU7tDTcuGEIJmWRfiEhoVubJvvb5cIXfjW70rJi',NULL,'wHvFd',NULL,NULL),(901,101,'OqFLm','CH506yQuYp39UDd0qZpmYdxJcK3rv0FTG56vUNjR',NULL,'khhHv',NULL,NULL),(901,102,'LBZ0l','nMR43yLSZb3hDVtJV3HxACb29DfvP1ftFiw0QQnu',NULL,'mxiW2',NULL,NULL),(902,103,'kVj2s','em4X0SsWmJMIFwHYFmeLOuEyOljGYfhbzHDoDR7J',NULL,'TvpgU',NULL,NULL);
/*!40000 ALTER TABLE `TradeSet` ENABLE KEYS */;
UNLOCK TABLES;

--
-- Table structure for table `TradeSetTrades`
--

DROP TABLE IF EXISTS `TradeSetTrades`;
/*!40101 SET @saved_cs_client     = @@character_set_client */;
/*!40101 SET character_set_client = utf8 */;
CREATE TABLE `TradeSetTrades` (
  `TradeSetId` int(11) NOT NULL AUTO_INCREMENT,
  `TradeId` int(11) DEFAULT NULL,
  PRIMARY KEY (`TradeSetId`)
) ENGINE=InnoDB AUTO_INCREMENT=103 DEFAULT CHARSET=latin1;
/*!40101 SET character_set_client = @saved_cs_client */;

--
-- Dumping data for table `TradeSetTrades`
--

LOCK TABLES `TradeSetTrades` WRITE;
/*!40000 ALTER TABLE `TradeSetTrades` DISABLE KEYS */;
INSERT INTO `TradeSetTrades` VALUES (1,1),(2,2),(3,3),(4,4),(5,5),(6,6),(7,7),(8,8),(9,9),(10,10),(11,11),(12,12),(13,13),(14,14),(15,15),(16,16),(17,17),(18,18),(19,19),(20,20),(21,21),(22,22),(23,23),(24,24),(25,25),(26,26),(27,27),(28,28),(29,29),(30,30),(31,31),(32,32),(33,33),(34,34),(35,35),(36,36),(37,37),(38,38),(39,39),(40,40),(41,41),(42,42),(43,43),(44,44),(45,45),(46,46),(47,47),(48,48),(49,49),(50,50),(51,51),(52,52),(53,53),(54,54),(55,55),(56,56),(57,57),(58,58),(59,59),(60,60),(61,61),(62,62),(63,63),(64,64),(65,65),(66,66),(67,67),(68,68),(69,69),(70,70),(71,71),(72,72),(73,73),(74,74),(75,75),(76,76),(77,77),(78,78),(79,79),(80,80),(81,81),(82,82),(83,83),(84,84),(85,85),(86,86),(87,87),(88,88),(89,89),(90,90),(91,91),(92,92),(93,93),(94,94),(95,95),(96,96),(97,97),(98,98),(99,99),(100,100),(101,101),(102,102);
/*!40000 ALTER TABLE `TradeSetTrades` ENABLE KEYS */;
UNLOCK TABLES;

--
-- Table structure for table `Trades`
--

DROP TABLE IF EXISTS `Trades`;
/*!40101 SET @saved_cs_client     = @@character_set_client */;
/*!40101 SET character_set_client = utf8 */;
CREATE TABLE `Trades` (
  `TradeId` int(11) NOT NULL,
  `SecId` int(11) DEFAULT NULL,
  PRIMARY KEY (`TradeId`)
) ENGINE=InnoDB DEFAULT CHARSET=latin1;
/*!40101 SET character_set_client = @saved_cs_client */;

--
-- Dumping data for table `Trades`
--

LOCK TABLES `Trades` WRITE;
/*!40000 ALTER TABLE `Trades` DISABLE KEYS */;
INSERT INTO `Trades` VALUES (1,865),(2,286),(3,534),(4,666),(5,48),(6,102),(7,482),(8,181),(9,74),(10,30),(11,950),(12,172),(13,103),(14,208),(15,63),(16,833),(17,25),(18,814),(19,448),(20,917),(21,392),(22,223),(23,342),(24,140),(25,430),(26,674),(27,98),(28,698),(29,706),(30,429),(31,845),(32,760),(33,478),(34,996),(35,817),(36,374),(37,517),(38,271),(39,913),(40,118),(41,689),(42,184),(43,998),(44,614),(45,478),(46,922),(47,275),(48,363),(49,213),(50,674),(51,871),(52,844),(53,493),(54,935),(55,762),(56,56),(57,457),(58,210),(59,599),(60,956),(61,201),(62,558),(63,217),(64,287),(65,395),(66,356),(67,80),(68,115),(69,787),(70,769),(71,324),(72,153),(73,798),(74,365),(75,868),(76,364),(77,493),(78,499),(79,463),(80,561),(81,739),(82,539),(83,823),(84,84),(85,196),(86,989),(87,244),(88,341),(89,198),(90,110),(91,325),(92,655),(93,923),(94,294),(95,22),(96,565),(97,772),(98,280),(99,163),(100,639),(101,41),(102,144);
/*!40000 ALTER TABLE `Trades` ENABLE KEYS */;
UNLOCK TABLES;

--
-- Table structure for table `system_availability`
--

DROP TABLE IF EXISTS `system_availability`;
/*!40101 SET @saved_cs_client     = @@character_set_client */;
/*!40101 SET character_set_client = utf8 */;
CREATE TABLE `system_availability` (
  `Date` tinytext,
  `Time` tinytext,
  `id` int(11) NOT NULL AUTO_INCREMENT,
  PRIMARY KEY (`id`)
) ENGINE=InnoDB DEFAULT CHARSET=latin1;
/*!40101 SET character_set_client = @saved_cs_client */;

--
-- Dumping data for table `system_availability`
--

LOCK TABLES `system_availability` WRITE;
/*!40000 ALTER TABLE `system_availability` DISABLE KEYS */;
/*!40000 ALTER TABLE `system_availability` ENABLE KEYS */;
UNLOCK TABLES;
/*!40103 SET TIME_ZONE=@OLD_TIME_ZONE */;

/*!40101 SET SQL_MODE=@OLD_SQL_MODE */;
/*!40014 SET FOREIGN_KEY_CHECKS=@OLD_FOREIGN_KEY_CHECKS */;
/*!40014 SET UNIQUE_CHECKS=@OLD_UNIQUE_CHECKS */;
/*!40101 SET CHARACTER_SET_CLIENT=@OLD_CHARACTER_SET_CLIENT */;
/*!40101 SET CHARACTER_SET_RESULTS=@OLD_CHARACTER_SET_RESULTS */;
/*!40101 SET COLLATION_CONNECTION=@OLD_COLLATION_CONNECTION */;
/*!40111 SET SQL_NOTES=@OLD_SQL_NOTES */;

-- Dump completed on 2019-07-24 10:07:18
